User ID,Employee ID,System,Account Status,Last Login,Account Created Date
U001,E001,SAP,Active,2026-09-20,2020-03-20
U002,E002,SAP,Deactivated,2026-07-14,2018-06-05
U003,E002,Payroll,Active,2026-09-15,2018-06-05
U004,E003,SAP,Active,2026-09-22,2022-01-15
U005,E004,SAP,Active,2026-09-19,2019-09-05
U006,E005,Sales Cloud,Active,2026-09-24,2021-11-20
U007,E006,SAP,Active,2026-04-02,2017-04-10
U008,E007,SAP,Active,2026-09-23,2020-08-25
U009,E008,SAP,Active,2026-06-01,2021-02-10
U010,E008,Payroll,Deactivated,2026-05-28,2021-02-10
U011,E009,Sales Cloud,Active,2026-09-21,2018-12-10
U012,E010,SAP,Active,2026-09-18,2023-03-10
U013,E011,SAP,Active,2026-09-17,2022-07-25
U014,E011,AWS IAM Console,Active,2026-09-10,2023-01-15
U015,E012,SAP,Active,2026-09-20,2023-10-05
U016,E013,Payroll,Active,2026-09-22,2021-05-15
U017,E014,SAP,Active,2026-09-19,2022-09-25
U018,E015,SAP,Active,2026-09-24,2016-01-10
U019,E016,Sales Cloud,Active,2026-09-23,2023-03-01
U020,E017,SAP,Active,2026-03-15,2017-08-20
U021,E018,SAP,Active,2026-09-25,2015-06-25
U022,E018,AWS IAM Console,Active,2026-09-25,2015-07-01
U023,E019,SAP,Active,2026-09-21,2024-01-12
U024,E020,SAP,Active,2026-09-16,2020-12-05
U025,E021,Sales Cloud,Deactivated,2026-08-01,2019-04-20
U026,E022,AWS IAM Console,Active,2026-02-20,2018-03-15
U027,E023,SAP,Active,2026-09-20,2021-06-12
U028,E024,SAP,Active,2026-09-24,2014-01-08
U029,E025,Sales Cloud,Active,2026-09-22,2016-09-15
U030,E997,SAP,Active,2026-09-01,2020-01-10
U031,E998,AWS IAM Console,Active,2026-08-15,2019-11-01
